episode,wining or draw rate,wining rate
0,0.463,0.463
100,0.43368,0.42912
200,0.44466,0.4338
300,0.44368,0.42844
400,0.44872,0.43364
500,0.43828,0.42186
600,0.42646,0.41226
700,0.41888,0.40402
800,0.43422,0.4177
900,0.43312,0.41732
1000,0.43642,0.42194
1100,0.43894,0.42796
1200,0.44676,0.4347
1300,0.44974,0.43362
1400,0.45306,0.44102
1500,0.46018,0.4454
1600,0.47012,0.45614
1700,0.4657,0.45044
1800,0.46876,0.45484
1900,0.46032,0.4481
2000,0.46412,0.45096
2100,0.46184,0.44762
2200,0.46766,0.45148
2300,0.45976,0.44674
2400,0.46884,0.45426
2500,0.46766,0.45228
2600,0.46684,0.45174
2700,0.46856,0.4529
2800,0.46628,0.45224
2900,0.46608,0.45188
3000,0.4658,0.4504
3100,0.46196,0.44834
3200,0.46744,0.45178
3300,0.46578,0.4529
3400,0.47088,0.45586
3500,0.4718,0.45788
3600,0.46584,0.45156
3700,0.47602,0.4612
3800,0.47466,0.45998
3900,0.4839,0.46688
4000,0.47836,0.46188
4100,0.47898,0.46496
4200,0.4762,0.46052
4300,0.48326,0.46928
4400,0.48184,0.46636
4500,0.47484,0.46052
4600,0.48016,0.46524
4700,0.47852,0.46406
4800,0.47106,0.45892
4900,0.4708,0.45976
5000,0.47542,0.46352
5100,0.47354,0.46298
5200,0.4737,0.46418
5300,0.47278,0.4607
5400,0.47132,0.46126
5500,0.47154,0.46004
5600,0.47732,0.46702
5700,0.47444,0.46352
5800,0.47476,0.4627
5900,0.47718,0.46502
6000,0.47552,0.46214
6100,0.47564,0.46338
6200,0.47334,0.46072
6300,0.4779,0.46574
6400,0.47412,0.46106
6500,0.47724,0.4624
6600,0.47976,0.46436
6700,0.47302,0.45706
6800,0.47548,0.46186
6900,0.47504,0.46194
7000,0.48038,0.46508
7100,0.47866,0.46182
7200,0.47784,0.464
7300,0.48176,0.46688
7400,0.4766,0.46456
7500,0.4746,0.46054
7600,0.47636,0.4638
7700,0.4752,0.46266
7800,0.4696,0.45786
7900,0.46818,0.45642
8000,0.46778,0.45708
8100,0.46648,0.45526
8200,0.47286,0.45996
8300,0.47066,0.45876
8400,0.47052,0.45972
8500,0.47226,0.4609
8600,0.47912,0.46714
8700,0.47554,0.46118
8800,0.4797,0.46584
8900,0.47984,0.46562
9000,0.4762,0.4594
9100,0.47446,0.46094
9200,0.4775,0.46366
9300,0.47992,0.46738
9400,0.47788,0.46208
9500,0.47498,0.4603
9600,0.4774,0.46214
9700,0.47836,0.46346
9800,0.47676,0.46132
9900,0.47688,0.46068
10000,0.46728,0.45298
10100,0.47536,0.45996
10200,0.4782,0.4647
10300,0.47352,0.46154
10400,0.4717,0.45996
10500,0.48126,0.46788
10600,0.47884,0.46546
10700,0.4795,0.4681
10800,0.48194,0.4685
10900,0.48114,0.46872
11000,0.47808,0.46404
11100,0.48164,0.46818
11200,0.47798,0.46388
11300,0.4779,0.4653
11400,0.4828,0.46914
11500,0.48236,0.4687
11600,0.48198,0.46836
11700,0.48356,0.4697
11800,0.48078,0.46552
11900,0.48222,0.46864
12000,0.47966,0.46708
12100,0.48236,0.46734
12200,0.47994,0.4674
12300,0.47646,0.46268
12400,0.48202,0.46664
12500,0.47802,0.46402
12600,0.47938,0.46592
12700,0.47904,0.46266
12800,0.4788,0.46296
12900,0.4782,0.463
13000,0.48268,0.46748
13100,0.47934,0.46386
13200,0.47578,0.46184
13300,0.47632,0.462
13400,0.4823,0.46632
13500,0.4809,0.46436
13600,0.48092,0.46604
13700,0.47884,0.46604
13800,0.47948,0.46706
13900,0.47654,0.46314
14000,0.48326,0.46856
14100,0.48212,0.46752
14200,0.47908,0.46474
14300,0.47768,0.46622
14400,0.47744,0.46444
14500,0.47746,0.46548
14600,0.47902,0.4659
14700,0.48172,0.46712
14800,0.48044,0.46408
14900,0.48322,0.46896
15000,0.48086,0.46688
15100,0.4804,0.46696
15200,0.48098,0.4676
15300,0.47766,0.46332
15400,0.47456,0.46284
15500,0.47614,0.46406
15600,0.47536,0.46338
15700,0.4768,0.46532
15800,0.48114,0.46888
15900,0.48046,0.46804
16000,0.4769,0.46312
16100,0.48398,0.46804
16200,0.47676,0.46282
16300,0.47742,0.46334
16400,0.47428,0.46186
16500,0.47858,0.46486
16600,0.48402,0.46948
16700,0.47972,0.46234
16800,0.48038,0.46316
16900,0.4814,0.46392
17000,0.47668,0.46172
17100,0.47692,0.4635
17200,0.47408,0.45676
17300,0.48046,0.46358
17400,0.47876,0.46208
17500,0.4773,0.4592
17600,0.48152,0.46472
17700,0.482,0.46488
17800,0.4842,0.46546
17900,0.4837,0.46596
18000,0.47784,0.4604
18100,0.4817,0.46562
18200,0.47726,0.46318
18300,0.47954,0.46516
18400,0.48022,0.46408
18500,0.47968,0.46324
18600,0.47968,0.46506
18700,0.47558,0.45882
18800,0.47708,0.46226
18900,0.47686,0.46158
19000,0.48042,0.46452
19100,0.47748,0.46314
19200,0.47984,0.46458
19300,0.47928,0.4626
19400,0.47866,0.46138
19500,0.47814,0.46092
19600,0.48188,0.46322
19700,0.48062,0.463
19800,0.48178,0.46538
19900,0.47804,0.4632
20000,0.47922,0.46262
20100,0.48152,0.46556
20200,0.47766,0.46108
20300,0.47848,0.46262
20400,0.47972,0.46448
20500,0.48172,0.46702
20600,0.47986,0.46248
20700,0.48228,0.46678
20800,0.48096,0.46486
20900,0.48088,0.4633
21000,0.47844,0.46288
21100,0.48152,0.46478
21200,0.483,0.46756
21300,0.48442,0.46872
21400,0.47968,0.46174
21500,0.4825,0.46492
21600,0.48674,0.46964
21700,0.48738,0.4705
21800,0.48398,0.46848
21900,0.48586,0.4694
22000,0.48366,0.46684
22100,0.48102,0.46614
22200,0.48166,0.46552
22300,0.48024,0.46558
22400,0.48546,0.46896
22500,0.48228,0.466
22600,0.4789,0.46336
22700,0.48256,0.46776
22800,0.47578,0.45992
22900,0.478,0.4619
23000,0.48056,0.4648
23100,0.48278,0.46628
23200,0.48068,0.46484
23300,0.48008,0.4645
23400,0.48318,0.4686
23500,0.4852,0.47032
23600,0.48142,0.46768
23700,0.48534,0.4716
23800,0.48742,0.47178
23900,0.48568,0.4689
24000,0.48288,0.46726
24100,0.48526,0.46774
24200,0.48456,0.46802
24300,0.48402,0.46704
24400,0.48208,0.4659
24500,0.48686,0.47046
24600,0.48264,0.46712
24700,0.48278,0.46744
24800,0.482,0.46694
24900,0.48582,0.46958
25000,0.48518,0.4695
25100,0.48508,0.47036
25200,0.48882,0.4725
25300,0.4853,0.46838
25400,0.48424,0.46796
25500,0.48774,0.4716
25600,0.48698,0.4717
25700,0.48418,0.46864
25800,0.48264,0.46798
25900,0.48066,0.46526
26000,0.48728,0.47192
26100,0.48472,0.46968
26200,0.48368,0.46832
26300,0.48468,0.46962
26400,0.48254,0.46974
26500,0.48498,0.4728
26600,0.48354,0.47042
26700,0.48274,0.4681
26800,0.48538,0.4704
26900,0.4837,0.46832
27000,0.48272,0.46954
27100,0.4867,0.47258
27200,0.48382,0.47026
27300,0.48078,0.4682
27400,0.48244,0.46866
27500,0.48744,0.47302
27600,0.48376,0.46892
27700,0.4824,0.46556
27800,0.48098,0.46536
27900,0.48058,0.46488
28000,0.47736,0.4618
28100,0.48178,0.46684
28200,0.48544,0.46948
28300,0.481,0.46458
28400,0.48498,0.46652
28500,0.48302,0.46626
28600,0.48508,0.46784
28700,0.48174,0.46524
28800,0.47718,0.46312
28900,0.48038,0.46586
29000,0.47968,0.46476
29100,0.4806,0.46682
29200,0.48086,0.46792
29300,0.48064,0.46562
29400,0.4786,0.46314
29500,0.48404,0.46902
29600,0.48138,0.46618
29700,0.48688,0.4705
29800,0.48894,0.47286
29900,0.48768,0.47148
30000,0.48598,0.4702
30100,0.48554,0.47042
30200,0.48654,0.47088
30300,0.48322,0.46822
30400,0.47676,0.4617
30500,0.48238,0.46692
30600,0.4788,0.46304
30700,0.47924,0.4635
30800,0.48234,0.46742
30900,0.48352,0.46788
31000,0.48664,0.46886
31100,0.48518,0.4667
31200,0.47902,0.46326
31300,0.4814,0.46382
31400,0.48282,0.46508
31500,0.48266,0.46686
31600,0.4825,0.46546
31700,0.48366,0.4673
31800,0.48298,0.47046
31900,0.48222,0.46756
32000,0.48628,0.4709
32100,0.48412,0.4683
32200,0.47844,0.46266
32300,0.48714,0.47172
32400,0.48182,0.4644
32500,0.48292,0.46558
32600,0.48534,0.46926
32700,0.48338,0.46632
32800,0.48648,0.46816
32900,0.48384,0.46752
33000,0.4829,0.4671
33100,0.48592,0.4686
33200,0.48246,0.46452
33300,0.4872,0.46904
33400,0.48136,0.46484
33500,0.48562,0.4691
33600,0.48802,0.46826
33700,0.4903,0.47106
33800,0.48806,0.46944
33900,0.48642,0.46594
34000,0.48424,0.46592
34100,0.49136,0.47174
34200,0.4867,0.467
34300,0.48936,0.4679
34400,0.49116,0.47034
34500,0.48716,0.46898
34600,0.48676,0.46696
34700,0.4845,0.46444
34800,0.48442,0.4665
34900,0.484,0.46538
35000,0.48826,0.47158
35100,0.48816,0.4722
35200,0.48242,0.46572
35300,0.48466,0.46774
35400,0.48536,0.46828
35500,0.48942,0.47212
35600,0.48292,0.46538
35700,0.48264,0.46554
35800,0.4856,0.46798
35900,0.48232,0.4648
36000,0.48308,0.46618
36100,0.48398,0.46836
36200,0.48548,0.46884
36300,0.47986,0.46278
36400,0.48086,0.46368
36500,0.48084,0.46562
36600,0.48596,0.46966
36700,0.4844,0.4704
36800,0.48292,0.46676
36900,0.4839,0.46892
37000,0.48342,0.46608
37100,0.48428,0.46622
37200,0.48142,0.46412
37300,0.48586,0.46884
37400,0.48504,0.46692
37500,0.48404,0.46656
37600,0.48352,0.46698
37700,0.4805,0.46396
37800,0.48282,0.46552
37900,0.48178,0.46488
38000,0.48472,0.46674
38100,0.4849,0.46764
38200,0.48614,0.4689
38300,0.48488,0.4679
38400,0.47992,0.46266
38500,0.48328,0.46706
38600,0.4831,0.46686
38700,0.4793,0.46162
38800,0.4763,0.45986
38900,0.48206,0.4658
39000,0.4801,0.46454
39100,0.4833,0.46628
39200,0.4833,0.46752
39300,0.48218,0.46472
39400,0.47852,0.46274
39500,0.47898,0.46428
39600,0.4792,0.46398
39700,0.4806,0.46542
39800,0.48332,0.46954
39900,0.48542,0.47064
40000,0.48278,0.46904
40100,0.48162,0.46682
40200,0.48348,0.46908
40300,0.4808,0.46674
40400,0.48328,0.46952
40500,0.47876,0.46506
40600,0.48208,0.4684
40700,0.485,0.4694
40800,0.4836,0.46806
40900,0.48006,0.46522
41000,0.48472,0.4681
41100,0.48162,0.46472
41200,0.48088,0.46522
41300,0.48416,0.47048
41400,0.48336,0.46852
41500,0.4855,0.46954
41600,0.47986,0.46466
41700,0.48336,0.4688
41800,0.48732,0.47166
41900,0.48388,0.46892
42000,0.48408,0.4686
42100,0.47716,0.46186
42200,0.48284,0.46778
42300,0.48572,0.47094
42400,0.48506,0.46918
42500,0.4894,0.47372
42600,0.48968,0.47212
42700,0.48774,0.47134
42800,0.4891,0.4715
42900,0.48736,0.47134
43000,0.48592,0.47074
43100,0.48906,0.47444
43200,0.48944,0.47296
43300,0.4849,0.46968
43400,0.48564,0.47126
43500,0.49042,0.47492
43600,0.48862,0.47146
43700,0.48996,0.47472
43800,0.4923,0.47422
43900,0.48992,0.47336
44000,0.48988,0.47492
44100,0.48888,0.47358
44200,0.48896,0.47376
44300,0.4893,0.47482
44400,0.48794,0.47242
44500,0.48922,0.4729
44600,0.49044,0.4738
44700,0.48868,0.47262
44800,0.48948,0.47378
44900,0.49326,0.47588
45000,0.48978,0.47358
45100,0.49032,0.47382
45200,0.48812,0.47162
45300,0.48956,0.47406
45400,0.4883,0.47302
45500,0.49244,0.47564
45600,0.49076,0.47334
45700,0.4912,0.47378
45800,0.49322,0.4785
45900,0.48836,0.47166
46000,0.4897,0.474
46100,0.4879,0.47144
46200,0.48434,0.46924
46300,0.49108,0.47458
46400,0.48946,0.47328
46500,0.49224,0.47488
46600,0.48756,0.47106
46700,0.4855,0.47064
46800,0.4878,0.4737
46900,0.48514,0.47076
47000,0.48262,0.4664
47100,0.49024,0.4734
47200,0.48842,0.47254
47300,0.48738,0.47096
47400,0.48646,0.47028
47500,0.4864,0.46974
47600,0.4938,0.4772
47700,0.49416,0.47896
47800,0.48964,0.47114
47900,0.49082,0.47356
48000,0.48474,0.46674
48100,0.49284,0.47498
48200,0.48902,0.47144
48300,0.49312,0.47498
48400,0.49054,0.47192
48500,0.4919,0.47366
48600,0.49376,0.47444
48700,0.49214,0.47338
48800,0.49148,0.47344
48900,0.4916,0.47338
49000,0.4929,0.47468
49100,0.49052,0.47364
49200,0.49352,0.47532
49300,0.4938,0.47466
49400,0.49498,0.47608
49500,0.49294,0.47162
49600,0.49142,0.47208
49700,0.49722,0.47692
49800,0.4934,0.4747
49900,0.49504,0.47616
50000,0.4946,0.47526
50100,0.49394,0.4758
50200,0.49488,0.47586
50300,0.48848,0.46932
50400,0.49418,0.47508
50500,0.4915,0.4726
50600,0.4912,0.4729
50700,0.48706,0.46992
50800,0.4883,0.47128
50900,0.49004,0.46968
51000,0.4884,0.4692
51100,0.48754,0.46844
51200,0.49156,0.47384
51300,0.4914,0.47278
51400,0.48728,0.46902
51500,0.49374,0.47488
51600,0.48956,0.47254
51700,0.49158,0.4742
51800,0.49264,0.4752
51900,0.49216,0.47288
52000,0.49468,0.47578
52100,0.49612,0.47678
52200,0.49166,0.47232
52300,0.49004,0.47026
52400,0.4891,0.46994
52500,0.4907,0.47296
52600,0.48806,0.46908
52700,0.49252,0.47222
52800,0.49388,0.47356
52900,0.49286,0.47328
53000,0.48774,0.46844
53100,0.4923,0.47354
53200,0.49528,0.47706
53300,0.49524,0.47606
53400,0.49106,0.47298
53500,0.49372,0.47532
53600,0.49526,0.47684
53700,0.49264,0.47402
53800,0.4925,0.47356
53900,0.49244,0.47362
54000,0.49366,0.47452
54100,0.49452,0.4755
54200,0.49424,0.4762
54300,0.49332,0.47462
54400,0.49454,0.47534
54500,0.49174,0.47344
54600,0.49578,0.477
54700,0.4951,0.4758
54800,0.48778,0.46902
54900,0.49078,0.47354
55000,0.49104,0.47248
55100,0.49044,0.47318
55200,0.49006,0.47304
55300,0.4924,0.47456
55400,0.49234,0.4735
55500,0.4871,0.46962
55600,0.49198,0.4766
55700,0.4869,0.47092
55800,0.48916,0.47294
55900,0.48728,0.47174
56000,0.49346,0.47618
56100,0.48998,0.47408
56200,0.49488,0.47808
56300,0.4889,0.47392
56400,0.49086,0.47426
56500,0.49306,0.47646
56600,0.49442,0.47698
56700,0.49362,0.47598
56800,0.4931,0.4747
56900,0.49644,0.48074
57000,0.49412,0.47714
57100,0.49168,0.4762
57200,0.48782,0.47138
57300,0.49582,0.47876
57400,0.49344,0.47668
57500,0.49078,0.47312
57600,0.49186,0.47588
57700,0.4891,0.47136
57800,0.49136,0.4745
57900,0.49502,0.47876
58000,0.49092,0.47314
58100,0.4933,0.47566
58200,0.4913,0.47406
58300,0.4906,0.47292
58400,0.49332,0.47656
58500,0.49108,0.4741
58600,0.49302,0.47428
58700,0.49036,0.47288
58800,0.4892,0.47256
58900,0.49212,0.47606
59000,0.49238,0.47678
59100,0.487,0.4703
59200,0.49678,0.48092
59300,0.49342,0.47736
59400,0.4871,0.4707
59500,0.4914,0.47472
59600,0.49402,0.47734
59700,0.49332,0.47698
59800,0.48974,0.47268
59900,0.49084,0.47438
60000,0.49172,0.47634
60100,0.48602,0.46968
60200,0.48968,0.47456
60300,0.49078,0.47486
60400,0.48948,0.47472
60500,0.49008,0.47456
60600,0.49162,0.47768
60700,0.4873,0.47206
60800,0.48916,0.4737
60900,0.48794,0.47124
61000,0.49064,0.47418
61100,0.49128,0.47502
61200,0.48694,0.47042
61300,0.49016,0.47258
61400,0.48928,0.47108
61500,0.49256,0.47596
61600,0.48918,0.47204
61700,0.4925,0.47504
61800,0.49386,0.47752
61900,0.49342,0.47692
62000,0.49198,0.47526
62100,0.48974,0.47338
62200,0.49182,0.47588
62300,0.4915,0.47534
62400,0.48896,0.472
62500,0.48882,0.47252
62600,0.48912,0.473
62700,0.49048,0.4724
62800,0.48828,0.47338
62900,0.48932,0.4743
63000,0.49256,0.47736
63100,0.48898,0.47272
63200,0.48886,0.4725
63300,0.4845,0.46858
63400,0.48726,0.47238
63500,0.49024,0.47386
63600,0.49008,0.47342
63700,0.4925,0.4749
63800,0.4933,0.47586
63900,0.49344,0.4763
64000,0.4909,0.47358
64100,0.4896,0.47124
64200,0.49236,0.47496
64300,0.48992,0.47166
64400,0.49548,0.47694
64500,0.49136,0.4743
64600,0.49448,0.47596
64700,0.4896,0.47076
64800,0.49502,0.4763
64900,0.49576,0.4764
65000,0.48912,0.47062
65100,0.49342,0.475
65200,0.49138,0.47298
65300,0.4913,0.47392
65400,0.48902,0.4715
65500,0.49282,0.47462
65600,0.48884,0.47126
65700,0.4936,0.47382
65800,0.49526,0.47546
65900,0.4915,0.4727
66000,0.4918,0.47256
66100,0.49018,0.4718
66200,0.49178,0.47318
66300,0.49288,0.47344
66400,0.49346,0.47364
66500,0.49416,0.47592
66600,0.4923,0.4731
66700,0.49112,0.47252
66800,0.49432,0.47442
66900,0.4906,0.47312
67000,0.4875,0.46988
67100,0.48936,0.47198
67200,0.4925,0.47444
67300,0.4913,0.47462
67400,0.49394,0.47674
67500,0.4912,0.47246
67600,0.49158,0.47134
67700,0.49064,0.47174
67800,0.49472,0.4754
67900,0.49066,0.47154
68000,0.49382,0.47466
68100,0.49332,0.47376
68200,0.49616,0.47758
68300,0.49438,0.47408
68400,0.49452,0.47534
68500,0.49186,0.47138
68600,0.49412,0.47476
68700,0.48688,0.46694
68800,0.48994,0.46972
68900,0.49436,0.47494
69000,0.49342,0.47502
69100,0.49378,0.47422
69200,0.49266,0.47486
69300,0.4911,0.47414
69400,0.49118,0.474
69500,0.49538,0.47736
69600,0.4926,0.47556
69700,0.49662,0.47796
69800,0.49374,0.4763
69900,0.49264,0.47436
70000,0.48922,0.47228
70100,0.49424,0.47652
70200,0.49168,0.47332
70300,0.49388,0.4765
70400,0.49238,0.47528
70500,0.49208,0.47524
70600,0.49414,0.47662
70700,0.4932,0.476
70800,0.48848,0.4705
70900,0.4936,0.47324
71000,0.49336,0.47516
71100,0.49084,0.47342
71200,0.4938,0.47618
71300,0.49414,0.47508
71400,0.49132,0.473
71500,0.48966,0.47178
71600,0.48904,0.46908
71700,0.48922,0.47062
71800,0.49422,0.47516
71900,0.49242,0.47322
72000,0.49268,0.47402
72100,0.4878,0.47042
72200,0.495,0.47612
72300,0.49304,0.4746
72400,0.49764,0.47874
72500,0.4958,0.47736
72600,0.4909,0.47324
72700,0.49576,0.47624
72800,0.49354,0.4733
72900,0.48966,0.47064
73000,0.49502,0.47492
73100,0.49814,0.47742
73200,0.4948,0.47448
73300,0.49216,0.47142
73400,0.49314,0.47274
73500,0.49576,0.4771
73600,0.49518,0.47558
73700,0.49016,0.4703
73800,0.49556,0.47386
73900,0.49384,0.47388
74000,0.49216,0.47348
74100,0.49474,0.47622
74200,0.49442,0.47574
74300,0.49284,0.47482
74400,0.49602,0.47686
74500,0.48856,0.46928
74600,0.49572,0.47706
74700,0.49758,0.47894
74800,0.49408,0.47462
74900,0.49472,0.47644
75000,0.49608,0.47608
75100,0.49616,0.47706
75200,0.49074,0.473
75300,0.49124,0.47242
75400,0.49156,0.47326
75500,0.49052,0.47284
75600,0.4958,0.47682
75700,0.4948,0.4759
75800,0.49408,0.47534
75900,0.49394,0.4753
76000,0.49142,0.47352
76100,0.49548,0.47566
76200,0.49132,0.47392
76300,0.49494,0.47592
76400,0.49384,0.47598
76500,0.49422,0.47522
76600,0.49066,0.47362
76700,0.49078,0.47324
76800,0.49514,0.47542
76900,0.49208,0.47478
77000,0.49064,0.47256
77100,0.49422,0.47494
77200,0.49442,0.4753
77300,0.4885,0.4688
77400,0.49286,0.4733
77500,0.49334,0.47486
77600,0.49454,0.47582
77700,0.49716,0.47836
77800,0.4955,0.47524
77900,0.49332,0.473
78000,0.4967,0.47724
78100,0.49898,0.479
78200,0.4906,0.47188
78300,0.49552,0.47636
78400,0.49452,0.475
78500,0.49322,0.47314
78600,0.4956,0.4764
78700,0.49174,0.47184
78800,0.4952,0.47526
78900,0.49256,0.47262
79000,0.49222,0.47418
79100,0.49128,0.47204
79200,0.49376,0.4744
79300,0.49488,0.47536
79400,0.49708,0.47768
79500,0.49362,0.47318
79600,0.49352,0.4754
79700,0.4926,0.47382
79800,0.49196,0.47356
79900,0.49548,0.4762
80000,0.49616,0.47722
80100,0.49222,0.47484
80200,0.49318,0.47444
80300,0.4945,0.47566
80400,0.49518,0.4767
80500,0.49464,0.47622
80600,0.496,0.47744
80700,0.49252,0.4743
80800,0.49896,0.48118
80900,0.49638,0.47798
81000,0.4958,0.47728
81100,0.4936,0.47554
81200,0.48948,0.4707
81300,0.4918,0.473
81400,0.4918,0.47268
81500,0.49118,0.4726
81600,0.49724,0.47798
81700,0.49512,0.47592
81800,0.49474,0.47464
81900,0.4971,0.47746
82000,0.49412,0.47412
82100,0.49322,0.47432
82200,0.493,0.47128
82300,0.4978,0.47826
82400,0.49706,0.47782
82500,0.49528,0.47546
82600,0.49534,0.47454
82700,0.4959,0.47696
82800,0.49276,0.47444
82900,0.49458,0.47352
83000,0.4932,0.47472
83100,0.49342,0.47472
83200,0.49242,0.474
83300,0.49658,0.47662
83400,0.49506,0.47382
83500,0.49488,0.47452
83600,0.4947,0.47598
83700,0.49416,0.47572
83800,0.48834,0.46888
83900,0.4959,0.47578
84000,0.49776,0.47682
84100,0.492,0.47178
84200,0.495,0.47486
84300,0.49442,0.47504
84400,0.49512,0.47518
84500,0.4968,0.47732
84600,0.49422,0.4751
84700,0.49282,0.47526
84800,0.49282,0.4742
84900,0.49652,0.47906
85000,0.49554,0.47802
85100,0.49666,0.47892
85200,0.49458,0.47708
85300,0.49662,0.47756
85400,0.49694,0.47784
85500,0.49164,0.47352
85600,0.49324,0.47256
85700,0.49584,0.47828
85800,0.49758,0.47826
85900,0.49494,0.47482
86000,0.4962,0.4768
86100,0.4981,0.4788
86200,0.49306,0.47412
86300,0.49428,0.47634
86400,0.4958,0.47604
86500,0.49184,0.4724
86600,0.4949,0.47544
86700,0.49714,0.4776
86800,0.49412,0.47588
86900,0.49574,0.47494
87000,0.49366,0.47442
87100,0.49368,0.47462
87200,0.49644,0.47702
87300,0.49274,0.47246
87400,0.49612,0.47726
87500,0.49238,0.47256
87600,0.49694,0.47748
87700,0.48994,0.47124
87800,0.49336,0.47352
87900,0.49574,0.47598
88000,0.49722,0.47772
88100,0.49666,0.47614
88200,0.4923,0.4724
88300,0.49354,0.4745
88400,0.49372,0.47438
88500,0.49112,0.47222
88600,0.49528,0.47674
88700,0.49356,0.47546
88800,0.49344,0.47356
88900,0.49334,0.47434
89000,0.49212,0.47222
89100,0.49456,0.4756
89200,0.49494,0.47684
89300,0.48966,0.47144
89400,0.49298,0.47424
89500,0.49178,0.47434
89600,0.49314,0.47448
89700,0.49316,0.47494
89800,0.49394,0.4746
89900,0.49044,0.472
90000,0.49372,0.47428
90100,0.49272,0.47468
90200,0.48974,0.46986
90300,0.49188,0.47296
90400,0.49804,0.48042
90500,0.49476,0.47576
90600,0.49182,0.47402
90700,0.49486,0.47784
90800,0.49166,0.4741
90900,0.49282,0.4747
91000,0.49184,0.47354
91100,0.49662,0.4781
91200,0.48666,0.46888
91300,0.49002,0.4723
91400,0.4958,0.4779
91500,0.49226,0.4753
91600,0.4925,0.47436
91700,0.49154,0.47278
91800,0.4953,0.47684
91900,0.48912,0.47138
92000,0.4972,0.4784
92100,0.49502,0.47834
92200,0.49426,0.47728
92300,0.49222,0.475
92400,0.49384,0.47584
92500,0.49308,0.4751
92600,0.49302,0.47564
92700,0.49034,0.47234
92800,0.4916,0.4729
92900,0.4936,0.47554
93000,0.4936,0.47516
93100,0.492,0.4737
93200,0.49538,0.4779
93300,0.49242,0.47436
93400,0.49768,0.47984
93500,0.49388,0.47622
93600,0.49,0.472
93700,0.49708,0.47968
93800,0.49472,0.47692
93900,0.49452,0.47496
94000,0.49366,0.47566
94100,0.49564,0.47806
94200,0.49388,0.47618
94300,0.4935,0.4758
94400,0.49484,0.4781
94500,0.49456,0.47684
94600,0.4901,0.47294
94700,0.49272,0.47564
94800,0.49608,0.47818
94900,0.49886,0.47968
95000,0.49222,0.47312
95100,0.4957,0.47606
95200,0.49254,0.47498
95300,0.49556,0.4777
95400,0.49352,0.47584
95500,0.49568,0.4771
95600,0.49744,0.47872
95700,0.49728,0.48088
95800,0.49438,0.47712
95900,0.49014,0.47264
96000,0.49214,0.47418
96100,0.4937,0.4772
96200,0.49584,0.4796
96300,0.49196,0.47522
96400,0.49866,0.4806
96500,0.49592,0.47656
96600,0.4966,0.47942
96700,0.49654,0.47878
96800,0.4998,0.48076
96900,0.49678,0.47828
97000,0.49494,0.47834
97100,0.4897,0.47164
97200,0.49332,0.47404
97300,0.49168,0.47252
97400,0.49286,0.47474
97500,0.49608,0.47792
97600,0.49714,0.47836
97700,0.49692,0.47954
97800,0.49406,0.47674
97900,0.49764,0.47886
98000,0.49368,0.47706
98100,0.49742,0.47958
98200,0.4955,0.47698
98300,0.49712,0.4785
98400,0.49804,0.47902
98500,0.50132,0.48156
98600,0.4926,0.47364
98700,0.49676,0.47764
98800,0.49446,0.47594
98900,0.49722,0.47672
99000,0.49716,0.47582
99100,0.5009,0.48106
99200,0.4956,0.47684
99300,0.5008,0.48006
99400,0.49692,0.4787
99500,0.49566,0.47728
99600,0.49134,0.47326
99700,0.49666,0.47866
99800,0.49864,0.48036
99900,0.49484,0.47664
100000,0.4993,0.4802
100100,0.49644,0.47956
100200,0.49776,0.47848
100300,0.49606,0.47772
100400,0.49512,0.47622
100500,0.49458,0.4767
100600,0.49206,0.4737
100700,0.49618,0.47814
100800,0.4938,0.47544
100900,0.49472,0.47628
101000,0.49342,0.47634
101100,0.49608,0.47886
101200,0.49858,0.47868
101300,0.49496,0.47832
101400,0.493,0.475
101500,0.4949,0.47728
101600,0.4934,0.47632
101700,0.4988,0.48048
101800,0.49634,0.47874
101900,0.49808,0.48058
102000,0.4965,0.47742
102100,0.49144,0.47466
102200,0.49454,0.47642
102300,0.49642,0.47818
102400,0.4945,0.47688
102500,0.49434,0.47602
102600,0.49204,0.47478
102700,0.4931,0.47644
102800,0.49162,0.4741
102900,0.4961,0.47882
103000,0.49364,0.47526
103100,0.49886,0.48012
103200,0.49156,0.4738
103300,0.49522,0.4781
103400,0.49428,0.47768
103500,0.49634,0.4791
103600,0.49288,0.47522
103700,0.4946,0.47538
103800,0.49812,0.47874
103900,0.49222,0.4741
104000,0.49386,0.4763
104100,0.49242,0.47452
104200,0.4935,0.47396
104300,0.49604,0.47618
104400,0.49816,0.47962
104500,0.49756,0.47878
104600,0.49248,0.4744
104700,0.495,0.4768
104800,0.49776,0.47988
104900,0.49758,0.47902
105000,0.49394,0.47678
105100,0.49314,0.47556
105200,0.4953,0.478
105300,0.4926,0.47316
105400,0.49872,0.48006
105500,0.49254,0.47412
105600,0.49758,0.47814
105700,0.49646,0.4778
105800,0.49758,0.47938
105900,0.49356,0.47616
106000,0.491,0.47302
106100,0.49562,0.47692
106200,0.49598,0.47822
106300,0.4935,0.4746
106400,0.4995,0.4801
106500,0.4935,0.47478
106600,0.49204,0.4735
106700,0.49978,0.48126
106800,0.4953,0.4769
106900,0.49746,0.4782
107000,0.49666,0.47698
107100,0.49538,0.47538
107200,0.4959,0.47518
107300,0.49482,0.47394
107400,0.494,0.4736
107500,0.49658,0.47634
107600,0.49588,0.47518
107700,0.4957,0.47488
107800,0.49836,0.4784
107900,0.49792,0.4775
108000,0.4935,0.47412
108100,0.49402,0.47448
108200,0.49578,0.4745
108300,0.49706,0.4769
108400,0.49518,0.47478
108500,0.4942,0.47524
108600,0.49762,0.47744
108700,0.49458,0.47544
108800,0.49108,0.47212
108900,0.49648,0.4761
109000,0.49198,0.472
109100,0.50008,0.47936
109200,0.49222,0.47234
109300,0.49566,0.4757
109400,0.49704,0.4764
109500,0.49738,0.47624
109600,0.49224,0.47314
109700,0.49882,0.47904
109800,0.49478,0.4758
109900,0.49234,0.47366
110000,0.49756,0.47722
110100,0.4926,0.47224
110200,0.49358,0.4728
110300,0.4962,0.47554
110400,0.49334,0.47312
110500,0.49348,0.47286
110600,0.4972,0.4767
110700,0.49282,0.4708
110800,0.49818,0.47656
110900,0.49852,0.4797
111000,0.49798,0.47848
111100,0.4941,0.47326
111200,0.49678,0.4766
111300,0.49636,0.47722
111400,0.49624,0.47668
111500,0.4897,0.47016
111600,0.4892,0.46988
111700,0.49348,0.47302
111800,0.49404,0.47396
111900,0.49384,0.47524
112000,0.49382,0.4746
112100,0.49278,0.473
112200,0.4958,0.4752
112300,0.4964,0.47632
112400,0.49324,0.47326
112500,0.49338,0.47448
112600,0.49558,0.47468
112700,0.49518,0.47498
112800,0.49452,0.47396
112900,0.49284,0.47322
113000,0.49716,0.47722
113100,0.4955,0.4741
113200,0.49208,0.47436
113300,0.49412,0.47436
113400,0.49222,0.47294
113500,0.49764,0.4775
113600,0.49154,0.47356
113700,0.4937,0.47358
113800,0.49456,0.4748
113900,0.49398,0.47564
114000,0.4921,0.47328
114100,0.49668,0.47664
114200,0.48978,0.46946
114300,0.49564,0.47574
114400,0.4973,0.47646
114500,0.49856,0.4789
114600,0.49506,0.47582
114700,0.4985,0.47878
114800,0.4938,0.47382
114900,0.49682,0.477
115000,0.4952,0.47462
115100,0.49384,0.47412
115200,0.4988,0.4786
115300,0.4944,0.47428
115400,0.4982,0.47776
115500,0.49622,0.47648
115600,0.49254,0.47268
115700,0.49808,0.4783
115800,0.5,0.47964
115900,0.49612,0.47628
116000,0.49668,0.47676
116100,0.49588,0.4759
116200,0.49354,0.47348
116300,0.49588,0.47494
116400,0.49588,0.47466
116500,0.49662,0.47584
116600,0.49986,0.47864
116700,0.49664,0.47598
116800,0.49652,0.47526
116900,0.49358,0.47206
117000,0.49662,0.47578
117100,0.49512,0.47458
117200,0.494,0.47386
117300,0.49726,0.47486
117400,0.49758,0.47602
117500,0.49678,0.47504
117600,0.49832,0.4757
117700,0.49516,0.47384
117800,0.496,0.474
117900,0.49468,0.47314
118000,0.49542,0.474
118100,0.49526,0.47238
118200,0.49666,0.47328
118300,0.49286,0.4725
118400,0.49712,0.47476
118500,0.4957,0.4734
118600,0.49588,0.4747
118700,0.49938,0.47646
118800,0.49624,0.47346
118900,0.4934,0.47086
119000,0.49124,0.4677
119100,0.49262,0.47158
119200,0.4951,0.4724
119300,0.49742,0.47478
119400,0.49364,0.47096
119500,0.49616,0.47334
119600,0.49476,0.47392
119700,0.4949,0.4726
119800,0.4972,0.47584
119900,0.49478,0.47298
120000,0.49346,0.47176
120100,0.4963,0.4742
120200,0.4961,0.47496
120300,0.49548,0.47322
120400,0.4982,0.47546
120500,0.49712,0.47584
120600,0.49456,0.47328
120700,0.49658,0.47358
120800,0.4981,0.47568
120900,0.4921,0.46978
121000,0.49438,0.46998
121100,0.4983,0.47532
121200,0.49652,0.4736
121300,0.49716,0.47436
121400,0.4986,0.4742
121500,0.49362,0.47176
121600,0.4939,0.47188
121700,0.49454,0.47246
121800,0.49548,0.47442
121900,0.5001,0.47772
122000,0.49916,0.47786
122100,0.49674,0.476
122200,0.4965,0.475
122300,0.49462,0.47438
122400,0.4982,0.47626
122500,0.49694,0.47506
122600,0.49676,0.47448
122700,0.49766,0.47436
122800,0.49852,0.47478
122900,0.4964,0.47376
123000,0.4958,0.47302
123100,0.49794,0.47668
123200,0.50196,0.48042
123300,0.49936,0.47664
123400,0.4983,0.47726
123500,0.49548,0.47456
123600,0.49564,0.4734
123700,0.49836,0.47612
123800,0.49618,0.47486
123900,0.49464,0.47308
124000,0.50004,0.4801
124100,0.49152,0.471
124200,0.50042,0.47858
124300,0.49838,0.47568
124400,0.49516,0.47366
124500,0.49914,0.4763
124600,0.4983,0.47612
124700,0.4978,0.47658
124800,0.49614,0.47428
124900,0.49612,0.47522
125000,0.49662,0.4743
125100,0.49832,0.47668
125200,0.49582,0.47408
125300,0.50006,0.47834
125400,0.49426,0.47206
125500,0.49672,0.47494
125600,0.49764,0.47642
125700,0.50172,0.47838
125800,0.49644,0.47438
125900,0.4989,0.47698
126000,0.49394,0.47182
126100,0.4988,0.47602
126200,0.49714,0.47584
126300,0.4962,0.47468
126400,0.49444,0.47418
126500,0.49406,0.47432
126600,0.49878,0.47848
126700,0.48976,0.47006
126800,0.49784,0.47748
126900,0.4932,0.47346
127000,0.49414,0.47342
127100,0.4894,0.46872
127200,0.49636,0.47486
127300,0.4933,0.47246
127400,0.49806,0.47748
127500,0.49908,0.4762
127600,0.49422,0.47276
127700,0.49802,0.47578
127800,0.49606,0.47502
127900,0.49236,0.47148
128000,0.49474,0.47348
128100,0.5011,0.4793
128200,0.49614,0.475
128300,0.49274,0.47232
128400,0.49548,0.47446
128500,0.49756,0.47558
128600,0.49332,0.47132
128700,0.4915,0.46954
128800,0.4937,0.47368
128900,0.49076,0.4696
129000,0.49278,0.47194
129100,0.49148,0.47082
129200,0.49244,0.47092
129300,0.49598,0.47422
129400,0.48846,0.46746
129500,0.49368,0.4738
129600,0.49348,0.47286
129700,0.49792,0.4771
129800,0.49316,0.4721
129900,0.4959,0.47492
130000,0.49602,0.4755
130100,0.4929,0.4709
130200,0.49614,0.4759
130300,0.4943,0.47388
130400,0.49578,0.47478
130500,0.49414,0.47156
130600,0.4933,0.47166
130700,0.4981,0.47696
130800,0.4924,0.47016
130900,0.49642,0.47472
131000,0.49784,0.47678
131100,0.49452,0.47086
131200,0.49292,0.47264
131300,0.49658,0.47438
131400,0.49564,0.47522
131500,0.49516,0.47462
131600,0.49424,0.47502
131700,0.49558,0.4763
131800,0.49506,0.47618
131900,0.49626,0.47626
132000,0.49564,0.47606
132100,0.4921,0.47186
132200,0.49334,0.47358
132300,0.4974,0.47632
132400,0.49702,0.47622
132500,0.49332,0.4737
132600,0.49018,0.47048
132700,0.49494,0.47356
132800,0.49266,0.47258
132900,0.49658,0.47548
133000,0.49396,0.47364
133100,0.49562,0.4745
133200,0.49206,0.47034
133300,0.49464,0.47344
133400,0.50048,0.4787
133500,0.49388,0.4732
133600,0.49594,0.4745
133700,0.49604,0.47554
133800,0.4935,0.47222
133900,0.49654,0.47524
134000,0.49234,0.4706
134100,0.4972,0.47588
134200,0.4908,0.46994
134300,0.49806,0.47592
134400,0.49616,0.4752
134500,0.49562,0.4752
134600,0.49852,0.4775
134700,0.49968,0.4784
134800,0.4981,0.47632
134900,0.49208,0.47022
135000,0.4946,0.47318
135100,0.49416,0.47368
135200,0.49866,0.47612
135300,0.49572,0.47258
135400,0.49708,0.47432
135500,0.49768,0.4755
135600,0.49902,0.47764
135700,0.4928,0.4725
135800,0.49686,0.47694
135900,0.4987,0.47876
136000,0.49696,0.47454
136100,0.4967,0.4753
136200,0.49376,0.47388
136300,0.49592,0.4731
136400,0.49762,0.47524
136500,0.4978,0.4756
136600,0.49712,0.47502
136700,0.49556,0.47522
136800,0.49586,0.47356
136900,0.49622,0.47466
137000,0.49696,0.4765
137100,0.49988,0.47898
137200,0.49882,0.47708
137300,0.4939,0.47398
137400,0.49662,0.47464
137500,0.49556,0.47554
137600,0.50078,0.47876
137700,0.49788,0.47564
137800,0.49634,0.47496
137900,0.49418,0.4737
138000,0.49454,0.47288
138100,0.49888,0.4778
138200,0.49608,0.47388
138300,0.49808,0.47628
138400,0.49616,0.47346
138500,0.49884,0.47766
138600,0.49624,0.4737
138700,0.4949,0.47208
138800,0.49166,0.4698
138900,0.49336,0.4703
139000,0.49448,0.47256
139100,0.49178,0.46902
139200,0.49802,0.47542
139300,0.49702,0.47456
139400,0.49132,0.46962
139500,0.49632,0.47276
139600,0.49528,0.47308
139700,0.49478,0.47398
139800,0.4937,0.47008
139900,0.49354,0.47004
140000,0.49794,0.4745
140100,0.49668,0.47346
140200,0.49546,0.47016
140300,0.49138,0.4679
140400,0.49738,0.47346
140500,0.5005,0.47606
140600,0.49384,0.46968
140700,0.49936,0.47518
140800,0.49972,0.47706
140900,0.49572,0.4729
141000,0.49876,0.47672
141100,0.49056,0.46848
141200,0.4981,0.47592
141300,0.49432,0.47082
141400,0.49906,0.47642
141500,0.49948,0.47626
141600,0.49676,0.47262
141700,0.49648,0.4738
141800,0.4959,0.47282
141900,0.49744,0.47416
142000,0.49618,0.47138
142100,0.4965,0.47254
142200,0.4964,0.47224
142300,0.49762,0.4725
142400,0.49906,0.47536
142500,0.49908,0.47588
142600,0.49578,0.47198
142700,0.49806,0.47364
142800,0.49112,0.46788
142900,0.49736,0.47324
143000,0.4914,0.46848
143100,0.49876,0.47494
143200,0.49714,0.47244
143300,0.50272,0.47834
143400,0.49918,0.4744
143500,0.49768,0.47402
143600,0.49412,0.47252
143700,0.49844,0.47524
143800,0.49948,0.47742
143900,0.49636,0.47298
144000,0.49648,0.47258
144100,0.50068,0.47626
144200,0.50002,0.4776
144300,0.49858,0.47356
144400,0.49724,0.47422
144500,0.49758,0.47402
144600,0.49572,0.47218
144700,0.49728,0.47394
144800,0.49946,0.47574
144900,0.4946,0.4714
145000,0.49568,0.47242
145100,0.50036,0.47706
145200,0.49642,0.47188
145300,0.49438,0.47
145400,0.50064,0.47688
145500,0.49476,0.47036
145600,0.49806,0.4729
145700,0.49816,0.47464
145800,0.4983,0.47386
145900,0.4927,0.46908
146000,0.49904,0.47474
146100,0.49776,0.47292
146200,0.49772,0.4735
146300,0.49718,0.47298
146400,0.49718,0.47366
146500,0.4963,0.47196
146600,0.49374,0.46966
146700,0.49732,0.47278
146800,0.49336,0.4697
146900,0.49178,0.46704
147000,0.49452,0.47074
147100,0.49108,0.46832
147200,0.49078,0.46734
147300,0.49498,0.47188
147400,0.49808,0.4745
147500,0.49634,0.47312
147600,0.49922,0.47676
147700,0.49316,0.4698
147800,0.49526,0.47246
147900,0.50128,0.4767
148000,0.49614,0.47276
148100,0.4949,0.47082
148200,0.49858,0.47464
148300,0.49956,0.47562
148400,0.49318,0.4702
148500,0.49468,0.47196
148600,0.49574,0.47282
148700,0.5014,0.47706
148800,0.4915,0.46778
148900,0.4972,0.4728
149000,0.49362,0.4685
149100,0.49288,0.46916
149200,0.49364,0.46906
149300,0.4928,0.46974
149400,0.49614,0.4737
149500,0.49738,0.47436
149600,0.49256,0.46942
149700,0.49934,0.47494
149800,0.49478,0.47032
149900,0.49342,0.46936
150000,0.49138,0.46588
